orderID,order date,customer name,state,city
ORD1000,20-02-2025,Dorothy Green,Tamil Nadu,Coimbatore
ORD1001,30-01-2025,Cindy Downs,Delhi,New Delhi
ORD1002,17-10-2024,Robert Rosario,Karnataka,Bangalore
ORD1003,30-09-2024,Madison Powell,Gujarat,Vadodara
ORD1004,10-11-2024,Mitchell Foster,Uttar Pradesh,Kanpur
ORD1005,11-06-2025,Christopher Riley,Uttar Pradesh,Varanasi
ORD1006,30-01-2025,Robert Johnson,Maharashtra,Nagpur
ORD1007,15-02-2025,Michael Barnes,Tamil Nadu,Chennai
ORD1008,25-03-2025,Brian Davis,West Bengal,Howrah
ORD1009,09-03-2025,Andrew Harris,West Bengal,Kolkata
ORD1010,31-10-2024,Mary Ponce,Karnataka,Mysore
ORD1011,23-12-2024,William Cruz,Gujarat,Vadodara
ORD1012,22-05-2025,Andrea Williams,Maharashtra,Pune
ORD1013,06-01-2025,Terry Diaz,Karnataka,Bangalore
ORD1014,24-07-2024,Teresa Adams,Tamil Nadu,Chennai
ORD1015,06-07-2025,Mario Martinez,Gujarat,Vadodara
ORD1016,26-01-2025,Ryan Smith,West Bengal,Kolkata
ORD1017,14-03-2025,Theresa Foster,West Bengal,Howrah
ORD1018,12-05-2025,Deborah Cortez,Maharashtra,Pune
ORD1019,11-04-2025,Destiny Smith,Maharashtra,Mumbai
ORD1020,24-05-2025,Crystal Bates,Maharashtra,Mumbai
ORD1021,14-07-2025,Jesse Garcia,Maharashtra,Nagpur
ORD1022,30-09-2024,Megan Villegas,Gujarat,Vadodara
ORD1023,17-02-2025,Bryan Elliott,Maharashtra,Mumbai
ORD1024,01-11-2024,Dr. Taylor Avery,Karnataka,Mysore
ORD1025,04-03-2025,Amanda Werner,Maharashtra,Nagpur
ORD1026,26-06-2025,Steven Hogan,Maharashtra,Nagpur
ORD1027,22-06-2025,William Underwood,West Bengal,Kolkata
ORD1028,21-05-2025,Chad Chavez,Maharashtra,Mumbai
ORD1029,09-06-2025,Brandy Richards,Karnataka,Mysore
ORD1030,20-01-2025,Alexander Fox,Tamil Nadu,Coimbatore
ORD1031,24-05-2025,Richard Mason,Uttar Pradesh,Lucknow
ORD1032,31-03-2025,Lee Paul,Maharashtra,Nagpur
ORD1033,22-03-2025,Dakota Holt,Karnataka,Bangalore
ORD1034,29-01-2025,Molly Harper,Maharashtra,Pune
ORD1035,27-12-2024,Sandra Long,Karnataka,Bangalore
ORD1036,21-10-2024,Nicholas Delacruz,Delhi,New Delhi
ORD1037,16-05-2025,Maurice Hoffman,Delhi,New Delhi
ORD1038,26-05-2025,Martin Sharp,Karnataka,Mysore
ORD1039,19-11-2024,Michael Jackson,Gujarat,Surat
ORD1040,17-01-2025,Danielle Harris,Maharashtra,Pune
ORD1041,22-09-2024,David Arnold,West Bengal,Kolkata
ORD1042,22-06-2025,Bryan Warner,Maharashtra,Pune
ORD1043,22-10-2024,Michael Watson,Maharashtra,Mumbai
ORD1044,01-03-2025,Amber Wilson,Uttar Pradesh,Lucknow
ORD1045,11-03-2025,Robin Mclean,Karnataka,Hubli
ORD1046,25-01-2025,Paula Gonzalez,Gujarat,Ahmedabad
ORD1047,18-06-2025,Mitchell Mcmillan,Uttar Pradesh,Varanasi
ORD1048,11-08-2024,Jesse Peterson,West Bengal,Howrah
ORD1049,31-03-2025,Paula Williams,West Bengal,Howrah
ORD1050,21-05-2025,William Kelly,West Bengal,Howrah
ORD1051,24-06-2025,Patrick Hubbard,Maharashtra,Pune
ORD1052,23-03-2025,Ryan Townsend,Karnataka,Hubli
ORD1053,11-06-2025,Joshua Craig,Gujarat,Ahmedabad
ORD1054,05-07-2025,Dale Beltran,Delhi,New Delhi
ORD1055,12-06-2025,Angela Wood,Delhi,New Delhi
ORD1056,30-04-2025,Kyle Sutton,Gujarat,Surat
ORD1057,27-03-2025,Nicole Lopez,Tamil Nadu,Chennai
ORD1058,23-10-2024,Connie Clark,West Bengal,Howrah
ORD1059,29-08-2024,Nicole Lozano,West Bengal,Kolkata
ORD1060,19-11-2024,Stephanie Lowe,Karnataka,Hubli
ORD1061,28-12-2024,Kimberly Olson,Uttar Pradesh,Lucknow
ORD1062,07-02-2025,Peter Smith,Karnataka,Mysore
ORD1063,26-01-2025,Melinda Murphy,West Bengal,Howrah
ORD1064,15-07-2025,Catherine Burns,Karnataka,Hubli
ORD1065,10-02-2025,Tammy Franklin,Tamil Nadu,Coimbatore
ORD1066,12-05-2025,James Conrad,Uttar Pradesh,Varanasi
ORD1067,14-05-2025,Stephanie Stevens,Maharashtra,Nagpur
ORD1068,25-03-2025,Sarah Campbell,Tamil Nadu,Coimbatore
ORD1069,30-10-2024,Katherine Lindsey,Tamil Nadu,Chennai
ORD1070,30-03-2025,Kristina Diaz,Karnataka,Bangalore
ORD1071,24-09-2024,Amber Coleman,Tamil Nadu,Madurai
ORD1072,08-09-2024,Stephen Sherman,Uttar Pradesh,Varanasi
ORD1073,05-03-2025,Deborah Doyle,Uttar Pradesh,Lucknow
ORD1074,28-06-2025,Kevin Lopez,Karnataka,Hubli
ORD1075,15-01-2025,Michael Bailey,Karnataka,Bangalore
ORD1076,30-05-2025,Christopher Russell,Maharashtra,Mumbai
ORD1077,21-01-2025,Daniel Palmer,Maharashtra,Nagpur
ORD1078,17-08-2024,Larry Gonzales DDS,Tamil Nadu,Coimbatore
ORD1079,18-07-2024,Jack Peterson,Maharashtra,Mumbai
ORD1080,10-02-2025,David Aguirre,Tamil Nadu,Madurai
ORD1081,21-06-2025,Christopher Jones,Tamil Nadu,Coimbatore
ORD1082,30-05-2025,Keith Roth,Tamil Nadu,Chennai
ORD1083,21-05-2025,George Lambert,West Bengal,Howrah
ORD1084,21-09-2024,Laura Flores,Tamil Nadu,Coimbatore
ORD1085,19-05-2025,Joseph Smith,West Bengal,Howrah
ORD1086,08-01-2025,Mark Robinson,Uttar Pradesh,Lucknow
ORD1087,13-06-2025,Larry Ochoa,Maharashtra,Mumbai
ORD1088,07-06-2025,Robert Mcintosh,Gujarat,Vadodara
ORD1089,17-09-2024,David Barnett,Tamil Nadu,Chennai
ORD1090,23-02-2025,Jessica Moore,West Bengal,Kolkata
ORD1091,13-10-2024,Krista Allen,Maharashtra,Pune
ORD1092,22-10-2024,Mia Holmes,Uttar Pradesh,Kanpur
ORD1093,14-08-2024,Hailey Robinson,Gujarat,Surat
ORD1094,15-10-2024,Kimberly Lewis,Maharashtra,Pune
ORD1095,30-05-2025,Jonathan Cunningham,Karnataka,Hubli
ORD1096,15-08-2024,Brandon Taylor,Karnataka,Bangalore
ORD1097,01-01-2025,Craig George,Delhi,New Delhi
ORD1098,29-03-2025,Abigail Gonzalez,Delhi,New Delhi
ORD1099,04-07-2025,Tammie Mack,West Bengal,Kolkata
ORD1100,03-10-2024,Susan Rodriguez,Delhi,New Delhi
ORD1101,15-08-2024,Lisa Jones,Uttar Pradesh,Lucknow
ORD1102,13-11-2024,Julia Hobbs,Gujarat,Vadodara
ORD1103,17-06-2025,Shirley Walters,Tamil Nadu,Coimbatore
ORD1104,13-11-2024,Ronald Singleton,Delhi,New Delhi
ORD1105,26-04-2025,Sandra Callahan,West Bengal,Kolkata
ORD1106,09-01-2025,James Rodriguez,Karnataka,Mysore
ORD1107,18-07-2025,Richard Larson,Maharashtra,Mumbai
ORD1108,09-04-2025,William Christensen,Uttar Pradesh,Kanpur
ORD1109,20-02-2025,Stephanie Stone,West Bengal,Kolkata
ORD1110,15-12-2024,Lisa Livingston,Maharashtra,Mumbai
ORD1111,19-08-2024,Derek Jones,Maharashtra,Mumbai
ORD1112,09-05-2025,Angela Coleman,West Bengal,Kolkata
ORD1113,21-07-2024,Alexander Wall,Uttar Pradesh,Lucknow
ORD1114,09-09-2024,Craig Lawrence,Gujarat,Ahmedabad
ORD1115,20-06-2025,Danielle Smith,Delhi,New Delhi
ORD1116,25-10-2024,Justin Parker,Tamil Nadu,Coimbatore
ORD1117,04-05-2025,Charles Wagner,Gujarat,Vadodara
ORD1118,05-05-2025,Maria Walker,Uttar Pradesh,Kanpur
ORD1119,29-05-2025,Cody Harvey,Uttar Pradesh,Lucknow
ORD1120,29-01-2025,Paul Brown,Karnataka,Mysore
ORD1121,28-01-2025,Holly Lowe,Tamil Nadu,Chennai
ORD1122,15-09-2024,Brent Clark,Tamil Nadu,Chennai
ORD1123,06-07-2025,Bryan Velasquez,Uttar Pradesh,Lucknow
ORD1124,27-01-2025,David Ortiz,Maharashtra,Nagpur
ORD1125,30-05-2025,Morgan Garcia,West Bengal,Howrah
ORD1126,13-10-2024,Jessica Lee,Delhi,New Delhi
ORD1127,22-02-2025,Brittany Nelson,West Bengal,Kolkata
ORD1128,08-07-2025,Anthony Brown,Tamil Nadu,Madurai
ORD1129,29-08-2024,Kylie Smith,Delhi,New Delhi
ORD1130,11-06-2025,James Fuentes,Uttar Pradesh,Kanpur
ORD1131,23-06-2025,Rebecca Smith,Maharashtra,Mumbai
ORD1132,19-01-2025,Earl Mcclain,Maharashtra,Nagpur
ORD1133,28-11-2024,Steven Vaughn,West Bengal,Kolkata
ORD1134,22-03-2025,Corey Daniels,Tamil Nadu,Coimbatore
ORD1135,12-06-2025,Misty Glover,Delhi,New Delhi
ORD1136,31-05-2025,Ana Williams,Maharashtra,Mumbai
ORD1137,26-08-2024,Laura Butler,Tamil Nadu,Madurai
ORD1138,15-08-2024,Cody Woods,West Bengal,Howrah
ORD1139,30-10-2024,Kristine Perry,Tamil Nadu,Coimbatore
ORD1140,15-04-2025,David Coleman,Karnataka,Hubli
ORD1141,02-03-2025,Ernest Boyer,Tamil Nadu,Madurai
ORD1142,26-12-2024,Brian Villa,Uttar Pradesh,Varanasi
ORD1143,29-07-2024,Ashley Lawrence,Tamil Nadu,Coimbatore
ORD1144,03-02-2025,Jerry Burch,Gujarat,Vadodara
ORD1145,03-06-2025,Tyrone Townsend,Maharashtra,Mumbai
ORD1146,08-02-2025,Cameron Rodgers,Karnataka,Mysore
ORD1147,17-07-2025,Arthur Mcmahon,West Bengal,Howrah
ORD1148,14-11-2024,Susan Goodman,Delhi,New Delhi
ORD1149,06-08-2024,Caitlin Clark,Delhi,New Delhi
ORD1150,23-03-2025,Ricky Wright,Uttar Pradesh,Lucknow
ORD1151,16-10-2024,Jeffrey Wagner,Tamil Nadu,Madurai
ORD1152,18-12-2024,Eugene Jones,Tamil Nadu,Madurai
ORD1153,17-11-2024,Keith Davis,Gujarat,Surat
ORD1154,25-01-2025,Lee Fuentes,Maharashtra,Nagpur
ORD1155,23-07-2024,Danielle Chen,Uttar Pradesh,Kanpur
ORD1156,08-04-2025,Jeremiah Mathis,Maharashtra,Nagpur
ORD1157,06-06-2025,Ryan Herrera,Maharashtra,Nagpur
ORD1158,03-01-2025,Elizabeth Henderson,Tamil Nadu,Madurai
ORD1159,16-11-2024,Michael Briggs,Tamil Nadu,Madurai
ORD1160,01-06-2025,Barbara Roberts,Uttar Pradesh,Kanpur
ORD1161,07-10-2024,Brenda Tucker,Delhi,New Delhi
ORD1162,02-08-2024,Claudia Gallagher,Karnataka,Hubli
ORD1163,16-01-2025,Karen Williams,Gujarat,Ahmedabad
ORD1164,26-11-2024,Martha Howe,Uttar Pradesh,Lucknow
ORD1165,23-06-2025,Theresa Wang,West Bengal,Howrah
ORD1166,13-01-2025,Sylvia Lambert,Karnataka,Hubli
ORD1167,18-11-2024,Stephen Butler,Gujarat,Surat
ORD1168,17-10-2024,Kevin Freeman,Uttar Pradesh,Lucknow
ORD1169,13-02-2025,Debbie Noble,Tamil Nadu,Chennai
ORD1170,25-01-2025,Susan Olson,Maharashtra,Nagpur
ORD1171,30-12-2024,Joann Stout,Maharashtra,Pune
ORD1172,16-07-2025,Brian Rodriguez,Karnataka,Mysore
ORD1173,19-04-2025,Steven Bradley,Uttar Pradesh,Varanasi
ORD1174,24-02-2025,Emily Atkinson,Maharashtra,Pune
ORD1175,11-05-2025,Curtis Flores,Delhi,New Delhi
ORD1176,27-03-2025,Debra Wright,Delhi,New Delhi
ORD1177,13-05-2025,Robert Brown,Maharashtra,Pune
ORD1178,22-02-2025,Michael Crawford,Tamil Nadu,Madurai
ORD1179,21-01-2025,John Murray,Uttar Pradesh,Varanasi
ORD1180,16-01-2025,Jennifer Mack,Delhi,New Delhi
ORD1181,06-08-2024,Tammy Martin,Maharashtra,Nagpur
ORD1182,12-08-2024,Monique Mcguire,Tamil Nadu,Coimbatore
ORD1183,04-08-2024,Amber Warner,Gujarat,Surat
ORD1184,01-02-2025,Angela Wilson,West Bengal,Kolkata
ORD1185,31-12-2024,David Oconnor,Maharashtra,Pune
ORD1186,14-03-2025,Robert Young,Tamil Nadu,Coimbatore
ORD1187,10-03-2025,Laura Jacobson,Maharashtra,Pune
ORD1188,27-09-2024,Faith Smith,West Bengal,Kolkata
ORD1189,12-03-2025,Taylor Reyes,Delhi,New Delhi
ORD1190,08-03-2025,Jane Green,Delhi,New Delhi
ORD1191,02-01-2025,Andrew Jones,Delhi,New Delhi
ORD1192,25-11-2024,Cory York,West Bengal,Kolkata
ORD1193,06-12-2024,Luke Parrish,Uttar Pradesh,Lucknow
ORD1194,08-12-2024,Robert Velasquez,Uttar Pradesh,Varanasi
ORD1195,02-02-2025,Ashley Krause,Gujarat,Vadodara
ORD1196,17-02-2025,Alan Vance,Gujarat,Ahmedabad
ORD1197,20-05-2025,Roberto Jordan,Karnataka,Mysore
ORD1198,21-12-2024,Holly Spencer,Maharashtra,Pune
ORD1199,05-06-2025,Kathy Wong,Karnataka,Bangalore
ORD1200,25-12-2024,Henry Yang,West Bengal,Howrah
ORD1201,31-03-2025,Stephanie Arellano,Tamil Nadu,Madurai
ORD1202,24-11-2024,Maria Graham,Maharashtra,Nagpur
ORD1203,28-10-2024,Joshua Reed,Maharashtra,Pune
ORD1204,23-08-2024,Michael Martinez,Delhi,New Delhi
ORD1205,21-07-2024,Melissa Beasley,Tamil Nadu,Coimbatore
ORD1206,27-09-2024,Jasmine Cole,Gujarat,Surat
ORD1207,30-04-2025,Sarah Little,Gujarat,Ahmedabad
ORD1208,17-10-2024,Michael Sullivan,Uttar Pradesh,Lucknow
ORD1209,24-10-2024,Timothy Marshall,Uttar Pradesh,Kanpur
ORD1210,08-03-2025,Dominique Smith,Uttar Pradesh,Varanasi
ORD1211,13-03-2025,Michael Jackson,Maharashtra,Pune
ORD1212,18-03-2025,Marissa Mckenzie,Uttar Pradesh,Lucknow
ORD1213,24-02-2025,George Parsons,Tamil Nadu,Madurai
ORD1214,05-02-2025,Amanda Schroeder,Gujarat,Vadodara
ORD1215,21-06-2025,Mark Kidd,Delhi,New Delhi
ORD1216,11-01-2025,Timothy Green,Gujarat,Ahmedabad
ORD1217,23-08-2024,Vickie Logan,Delhi,New Delhi
ORD1218,04-03-2025,Christopher Jackson,Uttar Pradesh,Varanasi
ORD1219,28-08-2024,Joseph Wyatt,West Bengal,Howrah
ORD1220,27-04-2025,Lauren Schwartz,Gujarat,Ahmedabad
ORD1221,29-01-2025,Makayla Ellis,Gujarat,Surat
ORD1222,16-03-2025,Robert Ortega,Maharashtra,Nagpur
ORD1223,11-09-2024,Cheyenne Reed,Maharashtra,Mumbai
ORD1224,28-05-2025,Jessica Bird,West Bengal,Howrah
ORD1225,05-06-2025,Patricia Romero,Tamil Nadu,Madurai
ORD1226,24-09-2024,Micheal Soto,Karnataka,Hubli
ORD1227,05-08-2024,Zachary Lane,West Bengal,Howrah
ORD1228,19-03-2025,Jason Tucker,Delhi,New Delhi
ORD1229,21-07-2024,Stephen Ramirez,Maharashtra,Nagpur
ORD1230,25-05-2025,Ryan Evans,Tamil Nadu,Coimbatore
ORD1231,04-10-2024,Amanda Chambers,Delhi,New Delhi
ORD1232,06-09-2024,Jonathan Wallace,Karnataka,Mysore
ORD1233,19-05-2025,Tiffany Bridges,Gujarat,Ahmedabad
ORD1234,18-07-2025,Judith Moore,Uttar Pradesh,Lucknow
ORD1235,05-08-2024,Lindsay Fuentes,Uttar Pradesh,Kanpur
ORD1236,02-02-2025,Ryan Osborn,Tamil Nadu,Coimbatore
ORD1237,10-08-2024,Ruth James,Maharashtra,Pune
ORD1238,03-02-2025,Amber Lopez,Uttar Pradesh,Lucknow
ORD1239,27-02-2025,James Smith,Uttar Pradesh,Kanpur
ORD1240,23-01-2025,Justin Bishop,West Bengal,Howrah
ORD1241,13-05-2025,Tyler Smith,West Bengal,Kolkata
ORD1242,09-12-2024,Susan Lopez,Karnataka,Mysore
ORD1243,04-11-2024,Taylor Wood,Delhi,New Delhi
ORD1244,16-02-2025,Mark Mercer,Gujarat,Surat
ORD1245,06-06-2025,Diane Dalton,Tamil Nadu,Coimbatore
ORD1246,20-12-2024,Erica Cohen,Tamil Nadu,Coimbatore
ORD1247,18-09-2024,Patricia Lin,Delhi,New Delhi
ORD1248,08-06-2025,Russell Clark,Tamil Nadu,Madurai
ORD1249,02-10-2024,Mary Bates,Uttar Pradesh,Varanasi
ORD1250,25-02-2025,Scott Swanson,Karnataka,Hubli
ORD1251,09-11-2024,Mathew Turner,West Bengal,Howrah
ORD1252,26-12-2024,Michael Hall PhD,Karnataka,Hubli
ORD1253,01-10-2024,Adrian Moore,Delhi,New Delhi
ORD1254,18-12-2024,Gregory Jacobs,Gujarat,Ahmedabad
ORD1255,24-01-2025,Kristy Finley,West Bengal,Howrah
ORD1256,21-05-2025,Bonnie Lopez,Delhi,New Delhi
ORD1257,12-07-2025,Jack Byrd,Gujarat,Ahmedabad
ORD1258,20-12-2024,Meghan Little,Karnataka,Hubli
ORD1259,28-12-2024,Julie Dixon,Maharashtra,Pune
ORD1260,06-11-2024,Kiara Pratt,Gujarat,Vadodara
ORD1261,23-09-2024,Misty Mcbride,Karnataka,Bangalore
ORD1262,16-05-2025,Angela Johnson,Maharashtra,Nagpur
ORD1263,18-11-2024,Brenda Alvarado,West Bengal,Howrah
ORD1264,29-03-2025,Rita Jefferson,Karnataka,Mysore
ORD1265,27-01-2025,Dr. Mathew King DVM,West Bengal,Howrah
ORD1266,16-10-2024,Morgan Miller,West Bengal,Kolkata
ORD1267,14-03-2025,Gina Williams,Maharashtra,Pune
ORD1268,19-04-2025,Vincent Pennington,Tamil Nadu,Madurai
ORD1269,17-12-2024,Nicholas Christensen,Maharashtra,Nagpur
ORD1270,13-06-2025,Michele Lopez,Maharashtra,Pune
ORD1271,06-07-2025,Jeffrey Olson,Uttar Pradesh,Kanpur
ORD1272,16-01-2025,Brittany Shelton,Tamil Nadu,Chennai
ORD1273,12-03-2025,Alicia Martin,West Bengal,Kolkata
ORD1274,30-11-2024,Holly Jimenez,Maharashtra,Mumbai
ORD1275,16-06-2025,Diane Reynolds,Karnataka,Hubli
ORD1276,02-05-2025,Jimmy Marsh,West Bengal,Kolkata
ORD1277,27-03-2025,Donna Jones,West Bengal,Kolkata
ORD1278,26-09-2024,Robert Gray,Karnataka,Mysore
ORD1279,05-12-2024,Anthony Thomas,Maharashtra,Mumbai
ORD1280,18-03-2025,Billy Morgan,Tamil Nadu,Coimbatore
ORD1281,23-08-2024,Timothy Cochran,Karnataka,Mysore
ORD1282,31-08-2024,Antonio Kaufman,Gujarat,Vadodara
ORD1283,29-11-2024,Mary Ramos,Gujarat,Ahmedabad
ORD1284,22-07-2024,James Smith,Uttar Pradesh,Varanasi
ORD1285,25-10-2024,Derrick Perez,Uttar Pradesh,Kanpur
ORD1286,12-09-2024,Chelsea Powell,Maharashtra,Nagpur
ORD1287,15-08-2024,Rachel Mitchell,Karnataka,Mysore
ORD1288,06-10-2024,Sarah Blake,Uttar Pradesh,Varanasi
ORD1289,19-10-2024,Angela Lee,Gujarat,Vadodara
ORD1290,24-09-2024,Joshua Holder,Gujarat,Vadodara
ORD1291,16-03-2025,Kimberly Moran,Tamil Nadu,Madurai
ORD1292,08-01-2025,Mark Fletcher,Karnataka,Bangalore
ORD1293,12-11-2024,Stephen Williamson,Uttar Pradesh,Kanpur
ORD1294,18-03-2025,Cynthia Reed,Delhi,New Delhi
ORD1295,06-03-2025,Matthew Hill,Maharashtra,Mumbai
ORD1296,23-05-2025,Kimberly Carlson,Uttar Pradesh,Varanasi
ORD1297,12-02-2025,Brian Mcmahon,Maharashtra,Mumbai
ORD1298,15-04-2025,Lauren Mason,Gujarat,Surat
ORD1299,18-11-2024,Gregory Leon,Delhi,New Delhi
ORD1300,09-02-2025,Benjamin Nash,Tamil Nadu,Madurai
ORD1301,03-12-2024,Aaron Henson,Maharashtra,Pune
ORD1302,12-10-2024,Ashley Bowman,Uttar Pradesh,Varanasi
ORD1303,03-02-2025,Hector Frye,Karnataka,Mysore
ORD1304,31-12-2024,Paul Glass,Delhi,New Delhi
ORD1305,04-03-2025,Sheila Harrington,Uttar Pradesh,Lucknow
ORD1306,18-07-2024,Jeremy Meyers,West Bengal,Howrah
ORD1307,03-01-2025,Samantha Harrison,West Bengal,Kolkata
ORD1308,04-01-2025,Elizabeth Sullivan,Gujarat,Vadodara
ORD1309,06-11-2024,Jordan Boone,West Bengal,Howrah
ORD1310,24-02-2025,Michael Rodriguez,West Bengal,Howrah
ORD1311,22-04-2025,Christopher Russo,Gujarat,Vadodara
ORD1312,12-10-2024,Ana Grimes,Karnataka,Hubli
ORD1313,21-07-2024,Carlos Graham,Karnataka,Bangalore
ORD1314,17-08-2024,Bradley Stewart,West Bengal,Howrah
ORD1315,11-02-2025,David Mack,Delhi,New Delhi
ORD1316,20-08-2024,Barbara Whitehead,Karnataka,Bangalore
ORD1317,26-05-2025,Alyssa Ruiz,Karnataka,Bangalore
ORD1318,13-05-2025,Jeffrey Carney,Maharashtra,Nagpur
ORD1319,17-09-2024,Haley Carpenter,West Bengal,Kolkata
ORD1320,17-04-2025,Bradley Webb,West Bengal,Kolkata
ORD1321,28-02-2025,Brittany Chavez,Tamil Nadu,Madurai
ORD1322,19-06-2025,Andrew Martinez,Maharashtra,Mumbai
ORD1323,09-08-2024,Lisa Miller,Gujarat,Vadodara
ORD1324,23-03-2025,Peggy Mitchell,West Bengal,Howrah
ORD1325,19-06-2025,Alan Robertson,Tamil Nadu,Madurai
ORD1326,15-06-2025,Terry Gomez,Maharashtra,Pune
ORD1327,26-01-2025,Matthew Cook,Karnataka,Bangalore
ORD1328,14-05-2025,Bryan Nelson,Karnataka,Bangalore
ORD1329,27-05-2025,Mark Stevens,Uttar Pradesh,Kanpur
ORD1330,10-04-2025,Marilyn Bennett,West Bengal,Kolkata
ORD1331,04-05-2025,Mark Hardy,Tamil Nadu,Chennai
ORD1332,08-10-2024,Melissa White,Tamil Nadu,Madurai
ORD1333,09-08-2024,Wesley Hale,Gujarat,Vadodara
ORD1334,17-10-2024,Scott Cole,Uttar Pradesh,Lucknow
ORD1335,30-10-2024,Samuel Lynn,Karnataka,Bangalore
ORD1336,25-05-2025,Diana Orr,Uttar Pradesh,Kanpur
ORD1337,17-09-2024,Tony Knox,Tamil Nadu,Coimbatore
ORD1338,12-07-2025,Taylor Bishop,Uttar Pradesh,Lucknow
ORD1339,11-03-2025,Julie Ortiz,Uttar Pradesh,Varanasi
ORD1340,03-12-2024,Charles Owens,Uttar Pradesh,Lucknow
ORD1341,25-07-2024,April Hensley,Gujarat,Surat
ORD1342,16-05-2025,Brian Best,Delhi,New Delhi
ORD1343,17-09-2024,Jennifer Harris,Delhi,New Delhi
ORD1344,28-08-2024,Stacey Gonzales,Gujarat,Ahmedabad
ORD1345,30-08-2024,Mr. Anthony Smith,Gujarat,Surat
ORD1346,27-04-2025,Ruben Mills,Karnataka,Mysore
ORD1347,15-12-2024,Robert Burnett,Karnataka,Bangalore
ORD1348,25-02-2025,Gilbert Ramirez,Maharashtra,Pune
ORD1349,02-09-2024,Jacob Kelley,Delhi,New Delhi
ORD1350,06-07-2025,Brian Hester,Karnataka,Mysore
ORD1351,07-01-2025,Jill Lawrence,Maharashtra,Pune
ORD1352,31-07-2024,Thomas Young,Tamil Nadu,Coimbatore
ORD1353,09-05-2025,Patrick Chavez,Karnataka,Bangalore
ORD1354,15-06-2025,Holly Burns,Uttar Pradesh,Kanpur
ORD1355,29-11-2024,Jennifer Scott,Delhi,New Delhi
ORD1356,12-08-2024,Carly Payne,Gujarat,Ahmedabad
ORD1357,08-10-2024,Antonio Thompson,Tamil Nadu,Coimbatore
ORD1358,07-07-2025,Marie Powell,Gujarat,Ahmedabad
ORD1359,20-08-2024,Jamie Little,Uttar Pradesh,Kanpur
ORD1360,30-10-2024,Elizabeth Higgins,Gujarat,Surat
ORD1361,11-08-2024,Frank Macdonald,Delhi,New Delhi
ORD1362,13-11-2024,Pamela Martinez,Gujarat,Ahmedabad
ORD1363,01-08-2024,Tracy Skinner,Delhi,New Delhi
ORD1364,22-01-2025,Leslie Barnett,Tamil Nadu,Madurai
ORD1365,08-04-2025,Renee Mcdaniel,Karnataka,Mysore
ORD1366,04-12-2024,Sharon Sanchez,Uttar Pradesh,Varanasi
ORD1367,27-07-2024,Jill Cook,Karnataka,Hubli
ORD1368,13-11-2024,Brandon Alvarez,Gujarat,Ahmedabad
ORD1369,23-08-2024,James Fuller,Maharashtra,Mumbai
ORD1370,23-07-2024,Jennifer Jones,Gujarat,Surat
ORD1371,20-09-2024,Adam Fisher,West Bengal,Howrah
ORD1372,12-04-2025,Jeffrey Hart,Karnataka,Hubli
ORD1373,05-10-2024,Cindy Hubbard,Uttar Pradesh,Kanpur
ORD1374,16-05-2025,Elizabeth Wilcox,Delhi,New Delhi
ORD1375,05-10-2024,Lauren Cook,Gujarat,Vadodara
ORD1376,25-12-2024,James King,Delhi,New Delhi
ORD1377,09-05-2025,Joseph Ortiz,Uttar Pradesh,Varanasi
ORD1378,06-01-2025,Peter Preston,Tamil Nadu,Madurai
ORD1379,01-07-2025,Angela Simon,Uttar Pradesh,Lucknow
ORD1380,30-01-2025,Matthew Petty,Tamil Nadu,Madurai
ORD1381,15-05-2025,Scott Chase,Maharashtra,Mumbai
ORD1382,16-05-2025,Melissa Jones,Delhi,New Delhi
ORD1383,21-05-2025,Zachary Turner,Delhi,New Delhi
ORD1384,25-04-2025,Charles Baxter,Karnataka,Mysore
ORD1385,20-09-2024,Melissa Roth,Tamil Nadu,Coimbatore
ORD1386,13-06-2025,Samantha Mcgee MD,Delhi,New Delhi
ORD1387,24-12-2024,Emma Smith,Maharashtra,Pune
ORD1388,25-12-2024,Thomas Newton,Maharashtra,Mumbai
ORD1389,27-02-2025,Amanda Nelson,Tamil Nadu,Coimbatore
ORD1390,03-09-2024,Christine Snyder,Gujarat,Ahmedabad
ORD1391,05-09-2024,Kelly Meza,Uttar Pradesh,Lucknow
ORD1392,06-11-2024,Bethany Martin,Maharashtra,Pune
ORD1393,14-11-2024,Dana Green,Karnataka,Bangalore
ORD1394,22-05-2025,Amanda Davis,Tamil Nadu,Coimbatore
ORD1395,18-11-2024,David Mooney,Tamil Nadu,Chennai
ORD1396,15-07-2025,Daniel Lynch,Delhi,New Delhi
ORD1397,11-03-2025,George Friedman,Maharashtra,Mumbai
ORD1398,29-08-2024,Mariah Fisher,West Bengal,Howrah
ORD1399,25-08-2024,Paul Ewing,Delhi,New Delhi
ORD1400,14-08-2024,Megan Sosa,Maharashtra,Nagpur
ORD1401,21-02-2025,Brandon Chan,Uttar Pradesh,Varanasi
ORD1402,02-04-2025,Angela Mcdaniel,Gujarat,Vadodara
ORD1403,13-09-2024,Jason Perkins,West Bengal,Kolkata
ORD1404,27-02-2025,Kari Evans,Maharashtra,Mumbai
ORD1405,25-12-2024,Latoya Mccarthy,Tamil Nadu,Coimbatore
ORD1406,28-10-2024,Steven Clark,Gujarat,Vadodara
ORD1407,03-08-2024,Ashley Miller,Uttar Pradesh,Varanasi
ORD1408,03-05-2025,Heather Wilson,Tamil Nadu,Coimbatore
ORD1409,23-05-2025,Jessica Baker,Tamil Nadu,Chennai
ORD1410,26-07-2024,Alexa Logan,Uttar Pradesh,Varanasi
ORD1411,09-04-2025,Miguel Jordan,Delhi,New Delhi
ORD1412,24-06-2025,Kenneth Ryan,West Bengal,Kolkata
ORD1413,03-12-2024,Tammy Chaney,Gujarat,Ahmedabad
ORD1414,07-02-2025,John Quinn,Tamil Nadu,Chennai
ORD1415,28-01-2025,Robert Hamilton,Delhi,New Delhi
ORD1416,20-01-2025,Leah Beck,Maharashtra,Pune
ORD1417,07-11-2024,Dean Campbell,Gujarat,Vadodara
ORD1418,10-07-2025,Claudia Green PhD,West Bengal,Kolkata
ORD1419,27-10-2024,Thomas Allen,Gujarat,Surat
ORD1420,15-12-2024,Justin Graves,Maharashtra,Nagpur
ORD1421,18-09-2024,Maria Anderson,Uttar Pradesh,Lucknow
ORD1422,19-08-2024,Virginia West,Tamil Nadu,Coimbatore
ORD1423,21-03-2025,Michelle Randolph,Gujarat,Vadodara
ORD1424,19-05-2025,Jaime Choi,Uttar Pradesh,Lucknow
ORD1425,06-04-2025,Taylor Williams,Delhi,New Delhi
ORD1426,20-05-2025,Sue Cole,Uttar Pradesh,Kanpur
ORD1427,02-01-2025,Amy Richmond,Maharashtra,Pune
ORD1428,06-03-2025,Erica Neal,Maharashtra,Nagpur
ORD1429,31-07-2024,Christopher Hooper,Gujarat,Ahmedabad
ORD1430,30-07-2024,Yvonne Carey,Tamil Nadu,Chennai
ORD1431,19-02-2025,Rachel Garner,West Bengal,Kolkata
ORD1432,16-02-2025,Matthew Hernandez MD,Delhi,New Delhi
ORD1433,15-08-2024,Martha Brock,Uttar Pradesh,Varanasi
ORD1434,02-11-2024,Wanda Landry,Gujarat,Vadodara
ORD1435,16-07-2025,Mary Young,Tamil Nadu,Chennai
ORD1436,30-07-2024,Billy Fletcher,Uttar Pradesh,Lucknow
ORD1437,16-08-2024,Darrell Ayers PhD,Delhi,New Delhi
ORD1438,15-06-2025,Jeremy Jensen,Maharashtra,Nagpur
ORD1439,17-10-2024,Jennifer Lewis,Karnataka,Mysore
ORD1440,28-02-2025,Stephen Ellis,Karnataka,Hubli
ORD1441,14-04-2025,Autumn Griffin MD,Tamil Nadu,Coimbatore
ORD1442,04-06-2025,Gilbert Rodriguez,Uttar Pradesh,Kanpur
ORD1443,02-09-2024,Taylor Scott,Karnataka,Hubli
ORD1444,24-03-2025,Angela Knapp,Karnataka,Hubli
ORD1445,03-10-2024,Steven Turner,West Bengal,Howrah
ORD1446,31-01-2025,Stephanie James,Uttar Pradesh,Lucknow
ORD1447,17-01-2025,Matthew Hansen,Delhi,New Delhi
ORD1448,22-10-2024,Sara Adams,Gujarat,Ahmedabad
ORD1449,24-04-2025,Jeffrey Myers,Gujarat,Ahmedabad
ORD1450,09-06-2025,Philip Hernandez,Maharashtra,Pune
ORD1451,26-05-2025,Eric Gordon,Gujarat,Vadodara
ORD1452,11-03-2025,Jasmin Watson,Tamil Nadu,Madurai
ORD1453,10-08-2024,Jesus Webster,Delhi,New Delhi
ORD1454,22-09-2024,Cynthia Sanders,Karnataka,Mysore
ORD1455,26-10-2024,Edward Caldwell,Tamil Nadu,Chennai
ORD1456,12-08-2024,Christopher Peters,West Bengal,Kolkata
ORD1457,07-12-2024,Amanda Patterson,Delhi,New Delhi
ORD1458,30-08-2024,Breanna Mills,Maharashtra,Nagpur
ORD1459,13-07-2025,Ryan Marshall,Uttar Pradesh,Lucknow
ORD1460,10-01-2025,Valerie Reynolds,West Bengal,Kolkata
ORD1461,12-10-2024,Elizabeth Parker,Uttar Pradesh,Kanpur
ORD1462,31-08-2024,George Johnson,Karnataka,Mysore
ORD1463,29-10-2024,Patricia Ortiz,Uttar Pradesh,Kanpur
ORD1464,15-06-2025,Debra Johnson,Uttar Pradesh,Varanasi
ORD1465,15-05-2025,Kim Gonzalez,Gujarat,Vadodara
ORD1466,13-03-2025,Billy Williams,Tamil Nadu,Chennai
ORD1467,15-12-2024,Melissa Schultz,Delhi,New Delhi
ORD1468,16-11-2024,Carly Wilson,Maharashtra,Mumbai
ORD1469,27-12-2024,Mrs. Debbie Dean,Gujarat,Surat
ORD1470,01-05-2025,Billy Ponce,Uttar Pradesh,Lucknow
ORD1471,19-04-2025,Andrew Vasquez,Gujarat,Surat
ORD1472,01-10-2024,Jordan Powell,West Bengal,Howrah
ORD1473,06-10-2024,Jonathan Frey,Tamil Nadu,Chennai
ORD1474,08-08-2024,Kelly White,Delhi,New Delhi
ORD1475,14-10-2024,Mary Mooney,Karnataka,Hubli
ORD1476,15-09-2024,Brian Lopez,Gujarat,Surat
ORD1477,04-06-2025,Paul Turner,West Bengal,Howrah
ORD1478,07-07-2025,Diane Jenkins,Gujarat,Vadodara
ORD1479,11-09-2024,Corey Hunter,Maharashtra,Mumbai
ORD1480,01-05-2025,Sean Scott,Delhi,New Delhi
ORD1481,27-11-2024,Hannah Rowe,Delhi,New Delhi
ORD1482,18-04-2025,Joshua Hudson,Karnataka,Hubli
ORD1483,02-05-2025,Kathryn Robinson,Uttar Pradesh,Lucknow
ORD1484,07-07-2025,Christopher Baker,Delhi,New Delhi
ORD1485,04-09-2024,Jacqueline Chang,Karnataka,Hubli
ORD1486,25-06-2025,Cassie Baker,Maharashtra,Nagpur
ORD1487,27-01-2025,Keith Alvarez,Delhi,New Delhi
ORD1488,12-11-2024,James Garcia,Maharashtra,Nagpur
ORD1489,02-10-2024,Ashley Jones,Karnataka,Mysore
ORD1490,29-08-2024,Sean Gill,Maharashtra,Nagpur
ORD1491,25-12-2024,Madison Smith,Gujarat,Surat
ORD1492,02-11-2024,Donald Smith,Karnataka,Hubli
ORD1493,11-11-2024,Shawn Kidd,West Bengal,Howrah
ORD1494,02-01-2025,Traci Gibbs,Tamil Nadu,Coimbatore
ORD1495,07-10-2024,Edwin Rose,Gujarat,Ahmedabad
ORD1496,17-11-2024,Mrs. Annette Rice,Tamil Nadu,Madurai
ORD1497,03-11-2024,Barry Sanchez,Gujarat,Surat
ORD1498,19-04-2025,Elizabeth Sutton,Gujarat,Vadodara
ORD1499,15-05-2025,Timothy Anderson,West Bengal,Kolkata
ORD1500,10-03-2025,Francisco Wolfe,Gujarat,Vadodara
ORD1501,20-03-2025,Brian Hill,Maharashtra,Nagpur
ORD1502,22-07-2024,Stacy House,Tamil Nadu,Madurai
ORD1503,25-03-2025,Jacqueline Bradley,Tamil Nadu,Coimbatore
ORD1504,11-09-2024,Brian Johnson,Tamil Nadu,Chennai
ORD1505,12-05-2025,Mark Olson,Maharashtra,Mumbai
ORD1506,08-07-2025,Scott Norris,Karnataka,Hubli
ORD1507,11-08-2024,Audrey Gillespie,Karnataka,Bangalore
ORD1508,09-07-2025,Jessica Adams,West Bengal,Kolkata
ORD1509,02-08-2024,Kendra Kane,Maharashtra,Pune
ORD1510,21-04-2025,Lynn Smith,Uttar Pradesh,Varanasi
ORD1511,19-10-2024,Belinda Martin,Karnataka,Mysore
ORD1512,07-04-2025,James Becker,West Bengal,Kolkata
ORD1513,25-01-2025,Kevin Escobar,West Bengal,Howrah
ORD1514,11-03-2025,Nicholas Castro,Delhi,New Delhi
ORD1515,05-10-2024,Jerry Mercado,Tamil Nadu,Madurai
ORD1516,16-09-2024,Eric Simon,Gujarat,Ahmedabad
ORD1517,24-05-2025,Sarah West,Tamil Nadu,Chennai
ORD1518,22-06-2025,Jennifer Williams,Gujarat,Ahmedabad
ORD1519,19-06-2025,Nicole Cabrera,West Bengal,Kolkata
ORD1520,13-09-2024,Peter Washington,Karnataka,Hubli
ORD1521,20-09-2024,Logan Lucas,Tamil Nadu,Coimbatore
ORD1522,04-05-2025,Sandra Quinn,Gujarat,Ahmedabad
ORD1523,08-10-2024,Alexander Cruz,West Bengal,Kolkata
ORD1524,06-08-2024,David Phillips,Maharashtra,Pune
ORD1525,31-12-2024,Susan Walker,West Bengal,Kolkata
ORD1526,26-03-2025,Latoya Jones,Gujarat,Surat
ORD1527,19-09-2024,William Harrison,Tamil Nadu,Coimbatore
ORD1528,19-06-2025,Stephanie Mays,Delhi,New Delhi
ORD1529,09-03-2025,Stephanie Holt,Maharashtra,Mumbai
ORD1530,20-04-2025,Samantha Williams,Uttar Pradesh,Lucknow
ORD1531,03-10-2024,Rebecca Hall,Maharashtra,Pune
ORD1532,27-05-2025,Brittney Thompson,Delhi,New Delhi
ORD1533,04-11-2024,April Diaz,Delhi,New Delhi
ORD1534,19-09-2024,Kevin Allen,Uttar Pradesh,Lucknow
ORD1535,16-01-2025,Emily Wood,West Bengal,Howrah
ORD1536,30-06-2025,Julie Robinson,Karnataka,Bangalore
ORD1537,08-04-2025,Jason Smith,Gujarat,Surat
ORD1538,13-10-2024,Veronica Hawkins,West Bengal,Kolkata
ORD1539,26-11-2024,Joseph Parrish,Maharashtra,Pune
ORD1540,03-07-2025,Linda Thomas,Karnataka,Mysore
ORD1541,21-08-2024,Patricia Hawkins,West Bengal,Kolkata
ORD1542,01-01-2025,Tanya King,Delhi,New Delhi
ORD1543,19-11-2024,Dennis Forbes,Maharashtra,Pune
ORD1544,05-01-2025,Sharon Velez,West Bengal,Kolkata
ORD1545,22-11-2024,Cynthia Roberts,Tamil Nadu,Madurai
ORD1546,30-01-2025,Renee Houston,Karnataka,Mysore
ORD1547,03-08-2024,Justin Carr,Karnataka,Bangalore
ORD1548,06-10-2024,Corey Edwards,Uttar Pradesh,Kanpur
ORD1549,24-07-2024,Kimberly Miller,Maharashtra,Pune
ORD1550,20-09-2024,Brenda Collins,Uttar Pradesh,Lucknow
ORD1551,20-01-2025,Mrs. Tina Vaughn,Tamil Nadu,Madurai
ORD1552,26-11-2024,Colleen Johnson,Karnataka,Mysore
ORD1553,20-02-2025,Anthony Sosa,Gujarat,Ahmedabad
ORD1554,18-12-2024,Joshua Thompson,Maharashtra,Mumbai
ORD1555,18-07-2025,James Parks,Karnataka,Hubli
ORD1556,29-10-2024,Sandra Petersen,Uttar Pradesh,Kanpur
ORD1557,20-08-2024,Michele Hartman,West Bengal,Howrah
ORD1558,16-11-2024,Natalie Hester,Delhi,New Delhi
ORD1559,02-02-2025,Gary Cochran,Maharashtra,Nagpur
ORD1560,04-04-2025,Stacy Wright,Delhi,New Delhi
ORD1561,22-08-2024,Rita May,Delhi,New Delhi
ORD1562,21-08-2024,Jeremy Novak,West Bengal,Kolkata
ORD1563,27-05-2025,Paul Reyes,Gujarat,Surat
ORD1564,20-11-2024,Jeffrey Ward,Maharashtra,Nagpur
ORD1565,22-08-2024,Jillian Lawson,Maharashtra,Mumbai
ORD1566,14-11-2024,Susan Davis,Uttar Pradesh,Kanpur
ORD1567,16-03-2025,Cindy Bowers,West Bengal,Howrah
ORD1568,03-09-2024,Andrew Chen,Karnataka,Bangalore
ORD1569,16-07-2025,Michael Young,Maharashtra,Mumbai
ORD1570,13-01-2025,Lori Rodriguez,Uttar Pradesh,Lucknow
ORD1571,18-02-2025,Ashley Bridges,Delhi,New Delhi
ORD1572,07-11-2024,Mr. James Perez,Maharashtra,Mumbai
ORD1573,25-05-2025,Stanley Smith,Tamil Nadu,Coimbatore
ORD1574,14-09-2024,Jennifer Shannon,West Bengal,Howrah
ORD1575,26-05-2025,Raymond Glenn,West Bengal,Howrah
ORD1576,19-09-2024,William Mathews,Maharashtra,Pune
ORD1577,16-09-2024,Karen Petty,Karnataka,Hubli
ORD1578,30-06-2025,Patricia Waller,Delhi,New Delhi
ORD1579,27-02-2025,Veronica Nguyen,Delhi,New Delhi
ORD1580,13-02-2025,Darlene Lee,Uttar Pradesh,Varanasi
ORD1581,04-02-2025,Christopher Whitney,Karnataka,Mysore
ORD1582,23-11-2024,George Myers,Uttar Pradesh,Kanpur
ORD1583,28-02-2025,Debbie Cain,West Bengal,Kolkata
ORD1584,27-12-2024,Evelyn Gilbert,Karnataka,Mysore
ORD1585,15-10-2024,Heidi Lee,Gujarat,Surat
ORD1586,02-01-2025,Zachary Russell,Tamil Nadu,Madurai
ORD1587,11-05-2025,Phillip Lowe,Delhi,New Delhi
ORD1588,27-06-2025,John Barnes,Maharashtra,Mumbai
ORD1589,08-11-2024,Donna Donaldson MD,Delhi,New Delhi
ORD1590,21-10-2024,Mariah Cooper,Uttar Pradesh,Varanasi
ORD1591,25-09-2024,Anthony Bennett,Karnataka,Hubli
ORD1592,11-05-2025,Mrs. Emily Levine MD,Tamil Nadu,Chennai
ORD1593,05-04-2025,Donna Henderson,Gujarat,Ahmedabad
ORD1594,11-04-2025,John Morton DVM,Maharashtra,Nagpur
ORD1595,23-09-2024,Douglas Walters,Karnataka,Mysore
ORD1596,09-02-2025,Stefanie Stewart,Uttar Pradesh,Varanasi
ORD1597,10-07-2025,Sandra Leblanc,West Bengal,Kolkata
ORD1598,07-12-2024,Peter Dougherty,Tamil Nadu,Coimbatore
ORD1599,28-11-2024,Dana Leonard,Delhi,New Delhi
ORD1600,09-04-2025,Robert Martinez,Gujarat,Surat
ORD1601,26-12-2024,Matthew Smith,West Bengal,Howrah
ORD1602,09-02-2025,Darlene Bowers,Maharashtra,Nagpur
ORD1603,12-12-2024,Christopher Wilson,Karnataka,Bangalore
ORD1604,23-08-2024,Ashley Garcia,West Bengal,Howrah
ORD1605,03-07-2025,Jill Rose,West Bengal,Kolkata
ORD1606,24-06-2025,Katherine Savage,Uttar Pradesh,Kanpur
ORD1607,30-04-2025,Stephanie Wood,West Bengal,Kolkata
ORD1608,30-03-2025,Adam Cunningham,Tamil Nadu,Chennai
ORD1609,03-09-2024,Christopher Collins,Tamil Nadu,Coimbatore
ORD1610,28-09-2024,Nicholas Pearson,Gujarat,Vadodara
ORD1611,04-05-2025,Molly Greer,Delhi,New Delhi
ORD1612,30-05-2025,Melissa Walter,Karnataka,Mysore
ORD1613,12-06-2025,Joseph Sanchez,West Bengal,Howrah
ORD1614,08-05-2025,Frederick Horton,Maharashtra,Nagpur
ORD1615,04-09-2024,Shane Stanley,Karnataka,Hubli
ORD1616,21-03-2025,Jade Baker,Uttar Pradesh,Lucknow
ORD1617,07-09-2024,Travis Hall,Karnataka,Bangalore
ORD1618,02-01-2025,Matthew Gordon,Uttar Pradesh,Lucknow
ORD1619,23-08-2024,Tracey Carter,Uttar Pradesh,Kanpur
ORD1620,07-01-2025,Latoya Lewis,Delhi,New Delhi
ORD1621,28-05-2025,Mr. John Soto,Tamil Nadu,Chennai
ORD1622,16-06-2025,Lauren Flores,Delhi,New Delhi
ORD1623,30-05-2025,David Wood,Karnataka,Bangalore
ORD1624,03-01-2025,Teresa Dixon,Maharashtra,Pune
ORD1625,25-04-2025,Melissa Ramos,Delhi,New Delhi
ORD1626,09-05-2025,Charles Lane,Tamil Nadu,Madurai
ORD1627,15-02-2025,Thomas Lee,Gujarat,Vadodara
ORD1628,30-07-2024,Eric Gonzalez,Delhi,New Delhi
ORD1629,03-09-2024,Samantha Gibson MD,Delhi,New Delhi
ORD1630,22-04-2025,Nicholas Bruce,Maharashtra,Mumbai
ORD1631,24-01-2025,Carlos Kelly,Gujarat,Vadodara
ORD1632,13-03-2025,Jesse Roberts,West Bengal,Kolkata
ORD1633,30-11-2024,Mary Murphy,Gujarat,Vadodara
ORD1634,09-09-2024,Jamie Franklin,West Bengal,Kolkata
ORD1635,28-06-2025,Sarah Peters,Karnataka,Mysore
ORD1636,28-09-2024,Robert Martin,Karnataka,Mysore
ORD1637,26-04-2025,Tracey Marquez,Karnataka,Mysore
ORD1638,29-01-2025,Stefanie Bush,Tamil Nadu,Coimbatore
ORD1639,18-06-2025,Charles Johnson,Uttar Pradesh,Kanpur
ORD1640,10-08-2024,Joseph Small,Maharashtra,Nagpur
ORD1641,26-07-2024,George Scott,Uttar Pradesh,Varanasi
ORD1642,21-08-2024,Kelly Brown,Tamil Nadu,Madurai
ORD1643,14-11-2024,Keith Luna,Gujarat,Ahmedabad
ORD1644,18-08-2024,Amanda Ford,Uttar Pradesh,Lucknow
ORD1645,01-07-2025,Jason Christensen,Gujarat,Surat
ORD1646,03-11-2024,Lisa Morales,West Bengal,Howrah
ORD1647,19-11-2024,Jackie Rios,West Bengal,Howrah
ORD1648,14-06-2025,Patricia Miller,Maharashtra,Nagpur
ORD1649,10-12-2024,Christine Johnson,Gujarat,Ahmedabad
ORD1650,01-08-2024,Devon Castillo,Tamil Nadu,Coimbatore
ORD1651,05-08-2024,Jennifer Watson,Maharashtra,Nagpur
ORD1652,22-11-2024,Dean Thomas,Gujarat,Ahmedabad
ORD1653,01-06-2025,Angela Garcia,Tamil Nadu,Chennai
ORD1654,04-06-2025,John Ortiz,Delhi,New Delhi
ORD1655,20-04-2025,Isabella Young,West Bengal,Kolkata
ORD1656,16-12-2024,Gina Leonard,Gujarat,Surat
ORD1657,31-12-2024,Jessica Fernandez,Maharashtra,Nagpur
ORD1658,24-12-2024,Karen Harmon,West Bengal,Kolkata
ORD1659,14-06-2025,Brett Conway,Delhi,New Delhi
ORD1660,31-05-2025,Rebecca Cruz,Tamil Nadu,Chennai
ORD1661,12-12-2024,David Gallegos,Maharashtra,Mumbai
ORD1662,31-03-2025,Chad Lee,Karnataka,Bangalore
ORD1663,30-12-2024,Cynthia Garcia,Maharashtra,Nagpur
ORD1664,07-01-2025,Alexis Perez,Karnataka,Bangalore
ORD1665,10-07-2025,Karen Rodriguez,Tamil Nadu,Chennai
ORD1666,29-09-2024,Mr. Matthew Grant,Delhi,New Delhi
ORD1667,20-09-2024,Deborah Evans,West Bengal,Howrah
ORD1668,02-02-2025,Daniel Moore,Delhi,New Delhi
ORD1669,01-10-2024,Daniel Conley,Tamil Nadu,Coimbatore
ORD1670,20-07-2024,Kathy Zuniga,Delhi,New Delhi
ORD1671,08-08-2024,Angela Wilson,Uttar Pradesh,Lucknow
ORD1672,16-02-2025,Maxwell Velasquez,Gujarat,Surat
ORD1673,09-02-2025,Lynn Thompson,Tamil Nadu,Madurai
ORD1674,16-11-2024,Devin Alvarez,Maharashtra,Pune
ORD1675,05-09-2024,Jill Pratt,Uttar Pradesh,Kanpur
ORD1676,04-09-2024,Patrick Oneal,Tamil Nadu,Madurai
ORD1677,08-04-2025,Vanessa Howell,West Bengal,Kolkata
ORD1678,11-02-2025,Michael Hernandez,Maharashtra,Pune
ORD1679,02-11-2024,Laura Alvarado,Maharashtra,Nagpur
ORD1680,30-12-2024,Erika Barton,Maharashtra,Pune
ORD1681,06-11-2024,Kristin Collins,Delhi,New Delhi
ORD1682,08-08-2024,Timothy Cruz,Karnataka,Bangalore
ORD1683,17-07-2025,Cynthia Barton,Tamil Nadu,Coimbatore
ORD1684,14-10-2024,Nicole Benjamin,Uttar Pradesh,Varanasi
ORD1685,06-11-2024,Spencer Miles,Delhi,New Delhi
ORD1686,05-06-2025,Michael Galloway,Tamil Nadu,Chennai
ORD1687,21-02-2025,Bonnie Guerra,West Bengal,Howrah
ORD1688,08-10-2024,Michael Mays,Tamil Nadu,Coimbatore
ORD1689,16-11-2024,Kaitlin Johnson,Gujarat,Surat
ORD1690,23-08-2024,Wesley Holden,Gujarat,Vadodara
ORD1691,27-09-2024,Curtis Robbins,Tamil Nadu,Coimbatore
ORD1692,17-03-2025,Ethan Reed,Tamil Nadu,Coimbatore
ORD1693,07-12-2024,Melissa Moore,Karnataka,Bangalore
ORD1694,11-11-2024,Mike White,Uttar Pradesh,Varanasi
ORD1695,03-08-2024,Vincent Morton,Gujarat,Ahmedabad
ORD1696,22-11-2024,Jesus Maynard,Delhi,New Delhi
ORD1697,05-08-2024,Charles Reynolds,Karnataka,Bangalore
ORD1698,11-10-2024,Gabrielle Pope,Delhi,New Delhi
ORD1699,12-05-2025,Debbie Smith,Tamil Nadu,Madurai
ORD1700,13-10-2024,Joseph Green,Uttar Pradesh,Varanasi
ORD1701,05-01-2025,Brian Ross,Maharashtra,Nagpur
ORD1702,17-03-2025,Samantha Davis,Uttar Pradesh,Kanpur
ORD1703,10-06-2025,Ricky Joseph,Tamil Nadu,Chennai
ORD1704,02-04-2025,Kimberly Arellano,Maharashtra,Pune
ORD1705,13-02-2025,James Patterson,Gujarat,Surat
ORD1706,29-07-2024,Paul Hodges,Maharashtra,Nagpur
ORD1707,19-03-2025,Kelsey Morales,Delhi,New Delhi
ORD1708,13-04-2025,Michael Buchanan,Tamil Nadu,Coimbatore
ORD1709,19-08-2024,Jennifer Gutierrez,Karnataka,Bangalore
ORD1710,21-09-2024,Amber Garcia,West Bengal,Kolkata
ORD1711,23-04-2025,Keith Webb,Tamil Nadu,Chennai
ORD1712,16-02-2025,Monica Olsen,Delhi,New Delhi
ORD1713,20-04-2025,Kim Matthews,West Bengal,Howrah
ORD1714,19-05-2025,Tabitha Thompson,Karnataka,Hubli
ORD1715,08-02-2025,Scott Vazquez,Karnataka,Hubli
ORD1716,29-11-2024,Andrew Gould,Tamil Nadu,Coimbatore
ORD1717,13-09-2024,Danielle Tucker,Gujarat,Surat
ORD1718,25-12-2024,Robin Donovan,West Bengal,Kolkata
ORD1719,28-08-2024,Jennifer Adams,Maharashtra,Nagpur
ORD1720,02-01-2025,Bethany Fletcher,Karnataka,Hubli
ORD1721,08-02-2025,Jacob Schwartz,Maharashtra,Pune
ORD1722,14-03-2025,Tabitha Freeman,Delhi,New Delhi
ORD1723,02-05-2025,Richard Jones,Uttar Pradesh,Kanpur
ORD1724,10-05-2025,Jessica Morales,Maharashtra,Nagpur
ORD1725,08-01-2025,Dennis Collins,West Bengal,Kolkata
ORD1726,16-02-2025,Janice Webb,Gujarat,Surat
ORD1727,22-07-2024,Sarah Green,Uttar Pradesh,Lucknow
ORD1728,17-11-2024,Nancy Frey,Karnataka,Hubli
ORD1729,07-01-2025,Kimberly Myers,Karnataka,Hubli
ORD1730,10-03-2025,Denise Krause,Karnataka,Mysore
ORD1731,06-01-2025,Lisa Parker,West Bengal,Howrah
ORD1732,05-04-2025,Angela Stewart,Delhi,New Delhi
ORD1733,15-02-2025,Amber Hanson,Tamil Nadu,Coimbatore
ORD1734,30-04-2025,Karla Wright,Uttar Pradesh,Varanasi
ORD1735,14-12-2024,Marvin Medina,Gujarat,Surat
ORD1736,21-12-2024,Darius Davis,Tamil Nadu,Madurai
ORD1737,15-10-2024,Lisa Jackson,Uttar Pradesh,Varanasi
ORD1738,17-10-2024,Margaret Lee,West Bengal,Kolkata
ORD1739,22-02-2025,Drew Gilbert,Karnataka,Bangalore
ORD1740,07-09-2024,John Anderson,West Bengal,Kolkata
ORD1741,10-08-2024,Connie Norman,Karnataka,Bangalore
ORD1742,04-07-2025,Mitchell Edwards,Gujarat,Vadodara
ORD1743,14-04-2025,Ashley Ellis,Gujarat,Surat
ORD1744,24-08-2024,Kerry Davis,Maharashtra,Nagpur
ORD1745,30-12-2024,Eric Williams,Karnataka,Bangalore
ORD1746,06-06-2025,Justin Meadows,Karnataka,Hubli
ORD1747,08-07-2025,Cheryl Brown,Tamil Nadu,Coimbatore
ORD1748,28-05-2025,Eric Flores,Gujarat,Vadodara
ORD1749,20-03-2025,Joshua Perez,West Bengal,Howrah
ORD1750,28-09-2024,Monica Scott,Karnataka,Bangalore
ORD1751,13-04-2025,Aaron Flowers,Karnataka,Hubli
ORD1752,18-01-2025,Sara Russell,Gujarat,Vadodara
ORD1753,07-09-2024,Joel Munoz,Karnataka,Mysore
ORD1754,14-05-2025,Rachel Smith MD,West Bengal,Howrah
ORD1755,29-07-2024,Michael Ruiz PhD,Delhi,New Delhi
ORD1756,28-08-2024,Sarah Miller,Delhi,New Delhi
ORD1757,23-06-2025,Amanda Phillips,Delhi,New Delhi
ORD1758,14-02-2025,Ms. Samantha Jones,Gujarat,Vadodara
ORD1759,21-01-2025,Samantha Hines,Uttar Pradesh,Varanasi
ORD1760,06-01-2025,Nicholas Mitchell,Karnataka,Mysore
ORD1761,22-02-2025,Tony Morris,Delhi,New Delhi
ORD1762,30-12-2024,Nicole Vasquez,Tamil Nadu,Chennai
ORD1763,14-02-2025,Samantha Pearson,Karnataka,Hubli
ORD1764,20-12-2024,Shelby Wilson,Uttar Pradesh,Lucknow
ORD1765,27-12-2024,Veronica Graves,Tamil Nadu,Madurai
ORD1766,31-07-2024,Matthew Taylor,Gujarat,Vadodara
ORD1767,21-07-2024,Leah Pennington,Maharashtra,Nagpur
ORD1768,04-03-2025,Chad Mendez,Delhi,New Delhi
ORD1769,28-09-2024,Tara Miller DDS,Karnataka,Mysore
ORD1770,08-10-2024,Lindsay Compton,Gujarat,Vadodara
ORD1771,30-04-2025,Gabriel Taylor,West Bengal,Howrah
ORD1772,23-01-2025,John Jones,Tamil Nadu,Madurai
ORD1773,14-05-2025,Mary Anderson,Tamil Nadu,Coimbatore
ORD1774,26-09-2024,Tracy Clark,Karnataka,Bangalore
ORD1775,31-08-2024,Donna Acosta,Karnataka,Mysore
ORD1776,20-02-2025,Christopher Boyd,West Bengal,Kolkata
ORD1777,04-04-2025,Scott Melton,Uttar Pradesh,Lucknow
ORD1778,20-08-2024,Breanna Gaines,West Bengal,Howrah
ORD1779,20-01-2025,Jamie Reynolds,Tamil Nadu,Chennai
ORD1780,14-12-2024,Christopher Cook,Uttar Pradesh,Kanpur
ORD1781,11-09-2024,Patty Williams,West Bengal,Kolkata
ORD1782,29-07-2024,Deanna Bell,Delhi,New Delhi
ORD1783,02-08-2024,Scott Meyers,Maharashtra,Nagpur
ORD1784,06-03-2025,Monica Frederick,Delhi,New Delhi
ORD1785,01-05-2025,Mark Anderson,Karnataka,Hubli
ORD1786,26-11-2024,Haley Knight,Uttar Pradesh,Varanasi
ORD1787,03-09-2024,Walter Wilson,Delhi,New Delhi
ORD1788,06-05-2025,Danielle Riley,Uttar Pradesh,Varanasi
ORD1789,11-04-2025,Brian Hurley,Gujarat,Vadodara
ORD1790,19-03-2025,Dawn Robinson,Tamil Nadu,Madurai
ORD1791,13-05-2025,Brianna Jenkins,Uttar Pradesh,Varanasi
ORD1792,02-11-2024,Ashlee Flores,Maharashtra,Mumbai
ORD1793,25-12-2024,Derek Cunningham,Karnataka,Hubli
ORD1794,12-12-2024,Judith Galvan,Tamil Nadu,Madurai
ORD1795,07-02-2025,Angela Robinson,Tamil Nadu,Chennai
ORD1796,26-07-2024,Madeline Reyes,Tamil Nadu,Madurai
ORD1797,15-04-2025,Alex Smith,Gujarat,Vadodara
ORD1798,05-01-2025,Michael Holder,Uttar Pradesh,Kanpur
ORD1799,19-08-2024,Mark Wong,Uttar Pradesh,Lucknow
ORD1800,07-12-2024,Melanie Rodriguez,West Bengal,Kolkata
ORD1801,03-11-2024,Wayne Becker,Gujarat,Vadodara
ORD1802,24-08-2024,Jay Moore,Karnataka,Mysore
ORD1803,10-09-2024,Lisa Bennett,Tamil Nadu,Coimbatore
ORD1804,12-01-2025,Michael Friedman,West Bengal,Howrah
ORD1805,22-10-2024,Rachel Meadows,Tamil Nadu,Madurai
ORD1806,21-10-2024,Kimberly Wilson,Karnataka,Hubli
ORD1807,25-01-2025,Julia Peters,West Bengal,Kolkata
ORD1808,16-09-2024,Taylor Tucker,Delhi,New Delhi
ORD1809,10-09-2024,Larry Robinson,Karnataka,Bangalore
ORD1810,09-07-2025,Mia Franklin,Uttar Pradesh,Kanpur
ORD1811,08-11-2024,Annette Johnson,Gujarat,Ahmedabad
ORD1812,15-02-2025,Spencer Young,Uttar Pradesh,Kanpur
ORD1813,02-05-2025,Nicholas Wheeler,Gujarat,Ahmedabad
ORD1814,27-12-2024,Beth Hunter,Karnataka,Bangalore
ORD1815,13-12-2024,Jason Griffin,Gujarat,Ahmedabad
ORD1816,07-10-2024,Shawn Bell,Delhi,New Delhi
ORD1817,30-05-2025,Victoria Baker,Tamil Nadu,Madurai
ORD1818,02-09-2024,Gina Black,Maharashtra,Pune
ORD1819,19-12-2024,Katrina Bell,West Bengal,Howrah
ORD1820,07-05-2025,Veronica Wright,Gujarat,Surat
ORD1821,28-02-2025,George Silva,West Bengal,Howrah
ORD1822,02-12-2024,Debra Morales,West Bengal,Kolkata
ORD1823,05-10-2024,Michael Park,Tamil Nadu,Coimbatore
ORD1824,15-09-2024,Cynthia Jones,West Bengal,Kolkata
ORD1825,28-10-2024,Patricia Contreras,Delhi,New Delhi
ORD1826,12-04-2025,Christopher Wilson,Delhi,New Delhi
ORD1827,11-08-2024,Norma Crawford,West Bengal,Howrah
ORD1828,10-10-2024,Lisa Garcia,West Bengal,Kolkata
ORD1829,19-06-2025,Stacy Whitaker,Maharashtra,Pune
ORD1830,19-11-2024,Kathy Smith,Gujarat,Surat
ORD1831,30-03-2025,George Wright,Tamil Nadu,Coimbatore
ORD1832,19-11-2024,Katie Gallegos,Uttar Pradesh,Kanpur
ORD1833,11-06-2025,Brenda Reyes,Delhi,New Delhi
ORD1834,03-04-2025,Seth Odom,Tamil Nadu,Coimbatore
ORD1835,07-08-2024,George David,Gujarat,Surat
ORD1836,06-07-2025,John Davis,Tamil Nadu,Chennai
ORD1837,27-09-2024,Jessica King,Gujarat,Ahmedabad
ORD1838,25-01-2025,Christopher Gonzalez,Gujarat,Surat
ORD1839,16-04-2025,Nicholas Rodriguez,Delhi,New Delhi
ORD1840,07-11-2024,Amy Rodriguez,Karnataka,Hubli
ORD1841,02-02-2025,Bradley Smith,Uttar Pradesh,Kanpur
ORD1842,11-10-2024,Isabel Estrada,Gujarat,Ahmedabad
ORD1843,05-06-2025,Carlos Klein,Tamil Nadu,Coimbatore
ORD1844,13-12-2024,Laura Diaz,Delhi,New Delhi
ORD1845,24-05-2025,Derrick Moore,Uttar Pradesh,Kanpur
ORD1846,07-08-2024,Dana Short,Tamil Nadu,Coimbatore
ORD1847,23-08-2024,Timothy Bryan,Karnataka,Mysore
ORD1848,23-09-2024,Jonathan Gordon,Maharashtra,Nagpur
ORD1849,28-05-2025,Thomas Young,West Bengal,Kolkata
